,Unnamed: 0,Species,Owner,Country.of.Origin,Farm.Name,Lot.Number,Mill,ICO.Number,Company,Altitude,Region,Producer,Number.of.Bags,Bag.Weight,In.Country.Partner,Harvest.Year,Grading.Date,Owner.1,Variety,Processing.Method,Aroma,Flavor,Aftertaste,Acidity,Body,Balance,Uniformity,Clean.Cup,Sweetness,Cupper.Points,Total.Cup.Points,Moisture,Category.One.Defects,Quakers,Color,Category.Two.Defects,Expiration,Certification.Body,Certification.Address,Certification.Contact,unit_of_measurement,altitude_low_meters,altitude_high_meters,altitude_mean_meters
0,30,Arabica,"lin, che-hao krude 林哲豪",Taiwan,tsoustructive garden 鄒築園,Tsoustructive 2015 Sumatra Typica,tsoustructive garden 鄒築園,Taiwan,taiwan coffee laboratory,1200,"leye, alishan township, chiayi county","FANG,ZHENG-LUN 方政倫",20,50 kg,Specialty Coffee Association,2015,"May 18th, 2016","Lin, Che-Hao Krude 林哲豪",Sumatra,Pulped natural / honey,8.0,8.0,8.0,8.25,8.0,8.17,10.0,10.0,10.0,8.17,86.58,0.0,0,0.0,Green,0,"May 18th, 2017",Specialty Coffee Association,36d0d00a3724338ba7937c52a378d085f2172daa,0878a7d4b9d35ddbf0fe2ce69a2062cceb45a660,m,1200.0,1200.0,1200.0
1,116,Arabica,"lin, che-hao krude 林哲豪",Taiwan,shi fang yuan 十方源,2016 Tainan Coffee Cupping Event Micro Lot 臺南市咖啡評鑑批次,shi fang yuan 十方源,Taiwan,taiwan coffee laboratory,350,"dongshan dist., tainan city 臺南市東山區",Wang Chao Yung 王超永,10,20 kg,Specialty Coffee Association,2016,"May 18th, 2016","Lin, Che-Hao Krude 林哲豪",Typica,Natural / Dry,7.92,7.58,7.83,7.83,7.83,7.83,10.0,10.0,10.0,8.0,84.83,0.0,0,0.0,Green,0,"May 18th, 2017",Specialty Coffee Association,36d0d00a3724338ba7937c52a378d085f2172daa,0878a7d4b9d35ddbf0fe2ce69a2062cceb45a660,m,350.0,350.0,350.0
2,126,Arabica,consejo salvadoreño del café,El Salvador,monterrey,1-71,j.j. borja nathan,09-392-69,cafetalera del pacifico,1350,apaneca,J.J. Borja Nathan,150,69 kg,Salvadoran Coffee Council,2016,"June 26th, 2017",Consejo Salvadoreño del Café,Bourbon,Washed / Wet,7.83,7.83,7.5,8.0,7.83,7.67,10.0,10.0,10.0,8.0,84.67,0.0,0,0.0,Blue-Green,2,"June 26th, 2018",Salvadoran Coffee Council,3d4987e3b91399dbb3938b5bdf53893b6ef45be1,27b21e368fb8291cbea02c60623fe6c98f84524d,m,1350.0,1350.0,1350.0
3,129,Arabica,rodrigo soto,Costa Rica,rio jorco,Tarrazu,rio jorco,5-423-0128,panamerican coffee trading,1150,tarrazu,Johanna,15,69 kg,Specialty Coffee Association of Costa Rica,2015,"October 4th, 2016",Rodrigo Soto,Catuai,Washed / Wet,8.08,7.75,7.67,7.83,7.5,7.92,10.0,10.0,10.0,7.92,84.67,0.1,0,0.0,Blue-Green,2,"October 4th, 2017",Specialty Coffee Association of Costa Rica,8e0b118f3cf3121ab27c5387deacdb7d4d2a60b1,5eb2b7129d9714c43825e44dc3bca9423de209e9,m,1150.0,1150.0,1150.0
4,130,Arabica,juan luis alvarado romero,Guatemala,san diego buena vista,11/08/0109,san diego buena vista,11/08/0109,"waelti schoenfeld exportadores de cafe, s.a.",1600,acatenango,JUAN BOCK,120,34 kg,Asociacion Nacional Del Café,2015,"June 1st, 2016",Juan Luis Alvarado Romero,Bourbon,Washed / Wet,7.75,7.83,7.58,8.0,7.92,7.75,10.0,10.0,10.0,7.83,84.67,0.1,0,0.0,Green,1,"June 1st, 2017",Asociacion Nacional Del Café,b1f20fe3a819fd6b2ee0eb8fdc3da256604f1e53,724f04ad10ed31dbb9d260f0dfd221ba48be8a95,m,1600.0,1600.0,1600.0
5,160,Arabica,ecom japan limited,Uganda,kawacom sipi project,035/170/5071146⁠⁠⁠⁠,kawacom,035/170/5071146⁠⁠⁠⁠,kawacom uganda ltd,1750,eastern uganda,Kawacom Uganda Ltd,200,12000 kg,Uganda Coffee Development Authority,2016,"March 14th, 2017",ECOM Japan Limited,SL14,Washed / Wet,7.92,7.75,7.67,7.75,7.83,7.75,10.0,10.0,10.0,7.83,84.5,0.11,0,0.0,Green,1,"March 14th, 2018",Uganda Coffee Development Authority,188fe373b511e21f614564bf86aa4774270d8e04,b7614767a5343729bbde3a2777c60ce836aed928,m,1750.0,1750.0,1750.0
6,172,Arabica,max gurdian,Costa Rica,several farmers,5-0015-0231,beneficio san diego,5-0015-0231,beneficios volcafé costa rica,1300,tarrazu,Beneficio San Diego,275,69 kg,Specialty Coffee Association of Costa Rica,2016,"March 23rd, 2017",Max Gurdian,Caturra,Washed / Wet,7.58,7.83,7.83,8.0,7.67,7.58,10.0,10.0,10.0,7.92,84.42,0.1,0,0.0,Blue-Green,3,"March 23rd, 2018",Specialty Coffee Association of Costa Rica,8e0b118f3cf3121ab27c5387deacdb7d4d2a60b1,5eb2b7129d9714c43825e44dc3bca9423de209e9,m,1300.0,1300.0,1300.0
7,173,Arabica,aulia arif syahri,Indonesia,darmawi,MANDHELING BRASTAGI,dry mill,To be advice,pt. olam indonesia,1400,sumatra brastagi,Surbakti,200,30 kg,Specialty Coffee Association,2017,"March 14th, 2017",Aulia Arif Syahri,Mandheling,Other,7.67,7.67,7.83,7.58,7.83,7.83,10.0,10.0,10.0,8.0,84.42,0.0,0,0.0,Blue-Green,3,"March 14th, 2018",Specialty Coffee Association,36d0d00a3724338ba7937c52a378d085f2172daa,0878a7d4b9d35ddbf0fe2ce69a2062cceb45a660,m,1400.0,1400.0,1400.0
8,183,Arabica,bismarck castro,Honduras,los hicaques,76,dry mill,13-111-032,cigrah s.a de c.v,1500,central region,Reinerio Zepeda,275,69 kg,Instituto Hondureño del Café,2016,"April 4th, 2016",Bismarck Castro,Catuai,Washed / Wet,7.58,7.92,7.58,7.75,7.92,7.75,10.0,10.0,10.0,7.83,84.33,0.11,0,1.0,Green,2,"April 4th, 2017",Instituto Hondureño del Café,b4660a57e9f8cc613ae5b8f02bfce8634c763ab4,7f521ca403540f81ec99daec7da19c2788393880,m,1500.0,1500.0,1500.0
9,192,Arabica,"lin, che-hao krude 林哲豪",Taiwan,馨晴咖啡 good mood coffee,2017南投咖啡評鑑 NANTOU COFFEE EVALUATION EVENT 2017,馨晴咖啡 good mood coffee,Taiwan,taiwan coffee laboratory,1000,國姓鄉 guoshing township,黃美桃 Huang Mei Tao,10,5 kg,Specialty Coffee Association,2016,"August 10th, 2017","Lin, Che-Hao Krude 林哲豪",Typica,Washed / Wet,7.92,7.75,7.75,7.67,7.67,7.83,10.0,10.0,10.0,7.67,84.25,0.12,0,0.0,Blue-Green,0,"August 10th, 2018",Specialty Coffee Association,36d0d00a3724338ba7937c52a378d085f2172daa,0878a7d4b9d35ddbf0fe2ce69a2062cceb45a660,m,1000.0,1000.0,1000.0
10,195,Arabica,juan luis alvarado romero,Guatemala,finca medina,11/11711/59,beneficio siembras vision (154),11/11711/59,"siembras vision, s.a.",1500,antigua,FINCA MEDINA,230,69 kg,Asociacion Nacional Del Café,2016,"May 23rd, 2016",Juan Luis Alvarado Romero,Caturra,Washed / Wet,7.75,7.75,7.58,7.92,7.75,7.75,10.0,10.0,10.0,7.75,84.25,0.11,0,4.0,Green,4,"May 23rd, 2017",Asociacion Nacional Del Café,b1f20fe3a819fd6b2ee0eb8fdc3da256604f1e53,724f04ad10ed31dbb9d260f0dfd221ba48be8a95,m,1500.0,1500.0,1500.0
11,196,Arabica,juan luis alvarado romero,Guatemala,finca san vicente,11/52/709,beneficio exportacafe agua santa,11/52/709,exportcafe,3607,huehuetenango,HORACIO CIFUENTES MARTINEZ,275,69 kg,Asociacion Nacional Del Café,2015,"April 6th, 2016",Juan Luis Alvarado Romero,Caturra,Washed / Wet,7.75,7.92,7.5,8.08,7.58,7.67,10.0,10.0,10.0,7.75,84.25,0.1,0,0.0,Green,1,"April 6th, 2017",Asociacion Nacional Del Café,b1f20fe3a819fd6b2ee0eb8fdc3da256604f1e53,724f04ad10ed31dbb9d260f0dfd221ba48be8a95,ft,1099.4136,1099.4136,1099.4136
12,211,Arabica,juan luis alvarado romero,Guatemala,piamonte,11/23/0365,beneficio ixchel,11/23/0365,"unex guatemala, s.a.",1700,san marcos,JORGE LEAL,50,69 kg,Asociacion Nacional Del Café,2017,"June 1st, 2017",Juan Luis Alvarado Romero,Bourbon,Washed / Wet,7.75,7.83,7.58,7.83,7.67,7.75,10.0,10.0,10.0,7.75,84.17,0.13,0,0.0,Green,1,"June 1st, 2018",Asociacion Nacional Del Café,b1f20fe3a819fd6b2ee0eb8fdc3da256604f1e53,724f04ad10ed31dbb9d260f0dfd221ba48be8a95,m,1700.0,1700.0,1700.0
13,213,Arabica,wayner jimenez,Costa Rica,los girasoles,EC-1180,los angeles micro-mill,5-818-0450,exclusive coffee - costa rica,1700,tarrazu,Los Angeles Micro-Mill (Ricardo Calderón),150,69 kg,Specialty Coffee Association of Costa Rica,2016,"August 19th, 2016",Wayner Jimenez,Caturra,Washed / Wet,7.92,7.75,7.67,7.67,7.5,7.67,10.0,10.0,10.0,8.0,84.17,0.09,0,0.0,Bluish-Green,2,"August 19th, 2017",Specialty Coffee Association of Costa Rica,8e0b118f3cf3121ab27c5387deacdb7d4d2a60b1,5eb2b7129d9714c43825e44dc3bca9423de209e9,m,1700.0,1700.0,1700.0
14,214,Arabica,juan luis alvarado romero,Guatemala,finca la joya,11/52/1170,beneficio exportacafe agua santa,11/52/1170,exportcafe,3664,huehuetenango,DARY COLMAN ALVARADO VILLATORO,275,69 kg,Asociacion Nacional Del Café,2016,"June 23rd, 2016",Juan Luis Alvarado Romero,Caturra,Washed / Wet,7.75,7.75,7.58,8.0,7.67,7.83,10.0,10.0,10.0,7.58,84.17,0.11,0,0.0,Green,6,"June 23rd, 2017",Asociacion Nacional Del Café,b1f20fe3a819fd6b2ee0eb8fdc3da256604f1e53,724f04ad10ed31dbb9d260f0dfd221ba48be8a95,ft,1116.7872,1116.7872,1116.7872
15,215,Arabica,juan luis alvarado romero,Guatemala,santo tomas pachuj,11/752/01,beneficio palinsa,11/752/01,cafcom,1565,solola,FERNANDO FAHSEN,377,69 kg,Asociacion Nacional Del Café,2016,"June 1st, 2016",Juan Luis Alvarado Romero,Caturra,Washed / Wet,7.75,7.92,7.58,7.92,7.67,7.67,10.0,10.0,10.0,7.67,84.17,0.1,0,1.0,Green,10,"June 1st, 2017",Asociacion Nacional Del Café,b1f20fe3a819fd6b2ee0eb8fdc3da256604f1e53,724f04ad10ed31dbb9d260f0dfd221ba48be8a95,m,1565.0,1565.0,1565.0
16,216,Arabica,juan luis alvarado romero,Guatemala,chapultepec,11/23/0335,beneficio ixchel,11/23/0335,"unex guatemala, s.a.",3280,norte,CHAPULTEPEC,130,69 kg,Asociacion Nacional Del Café,2016,"June 1st, 2016",Juan Luis Alvarado Romero,Bourbon,Washed / Wet,7.58,7.83,7.58,7.83,7.83,7.67,10.0,10.0,10.0,7.83,84.17,0.1,0,0.0,Green,2,"June 1st, 2017",Asociacion Nacional Del Café,b1f20fe3a819fd6b2ee0eb8fdc3da256604f1e53,724f04ad10ed31dbb9d260f0dfd221ba48be8a95,m,3280.0,3280.0,3280.0
17,234,Arabica,"lin, che-hao krude 林哲豪",Taiwan,chang yu liang 張玉良,2016 Tainan Coffee Cupping Event Micro Lot 臺南市咖啡評鑑批次,chang yu liang 張玉良,Taiwan,taiwan coffee laboratory,968,"nanxi dist., tainan city 臺南市楠西區",CHANG YU LIANG 張玉良,10,20 kg,Specialty Coffee Association,2016,"May 18th, 2016","Lin, Che-Hao Krude 林哲豪",Typica,Washed / Wet,7.58,7.67,7.67,7.67,7.75,7.83,10.0,10.0,10.0,7.92,84.08,0.1,0,0.0,Bluish-Green,4,"May 18th, 2017",Specialty Coffee Association,36d0d00a3724338ba7937c52a378d085f2172daa,0878a7d4b9d35ddbf0fe2ce69a2062cceb45a660,m,968.0,968.0,968.0
18,243,Arabica,bismarck castro,Honduras,las cuchillas,96,cigrah s.a de c.v.,13-111-038,cigrah s.a de c.v,1500,comayagua,Nahun Maldonado,275,66 kg,Instituto Hondureño del Café,2017,"May 11th, 2017",Bismarck Castro,Caturra,Washed / Wet,7.42,7.83,7.75,7.92,7.75,7.58,10.0,10.0,10.0,7.75,84.0,0.1,0,0.0,Green,5,"May 11th, 2018",Instituto Hondureño del Café,b4660a57e9f8cc613ae5b8f02bfce8634c763ab4,7f521ca403540f81ec99daec7da19c2788393880,m,1500.0,1500.0,1500.0
19,259,Arabica,ipanema coffees,Brazil,fazenda capoeirnha,019/17,dry mill,002/1660/0079,ipanema coffees,890,south of minas,Ipanema Agricola S.A,320,60 kg,Brazil Specialty Coffee Association,2017 / 2018,"October 20th, 2017",Ipanema Coffees,Bourbon,Natural / Dry,7.5,7.75,7.58,7.5,7.58,7.5,10.0,10.0,10.0,8.5,83.92,0.0,0,0.0,Green,3,"October 20th, 2018",Brazil Specialty Coffee Association,3297cfa4c538e3dd03f72cc4082c54f7999e1f9d,8900f0bf1d0b2bafe6807a73562c7677d57eb980,m,890.0,890.0,890.0
20,260,Arabica,cafes tomari sa de cv,Mexico,cafetal,101,cafes tomari sa de cv,016-1273-101,cafes tomari sa de cv,1300,veracruz,CAFES TOMARI SA DE CV,200,69 kg,Centro Agroecológico del Café A.C.,2017,"July 3rd, 2017",CAFES TOMARI SA DE CV,Mundo Novo,Washed / Wet,7.83,7.83,7.58,7.92,7.42,7.5,10.0,10.0,10.0,7.83,83.92,0.11,0,0.0,Green,5,"July 3rd, 2018",Centro Agroecológico del Café A.C.,3b8dfdd621590b424ff64e0b76df7d6a92e1c628,d470dc009281519e30da6ead1c649fcd7670f386,m,1300.0,1300.0,1300.0
21,262,Arabica,ipanema coffees,Brazil,capoeirinha,007/16E,dry mill,002/1660/0105,ipanema coffees,934,south of minas,Ipanema Agricola,320,60 kg,Brazil Specialty Coffee Association,2016,"August 16th, 2016",Ipanema Coffees,Bourbon,Natural / Dry,7.58,7.67,7.67,7.75,7.58,7.83,10.0,10.0,10.0,7.83,83.92,0.11,0,2.0,Green,7,"August 16th, 2017",Brazil Specialty Coffee Association,3297cfa4c538e3dd03f72cc4082c54f7999e1f9d,8900f0bf1d0b2bafe6807a73562c7677d57eb980,m,934.0,934.0,934.0
22,263,Arabica,"lin, che-hao krude 林哲豪",Taiwan,tsoustructive garden 鄒築園,Tsoustructive 2015 Typica,tsoustructive garden 鄒築園,Taiwan,taiwan coffee laboratory,1200,"leye, alishan township, chiayi county 嘉義阿里山樂野村","FANG,ZHENG-LUN 方政倫",20,50 kg,Specialty Coffee Association,2015,"May 18th, 2016","Lin, Che-Hao Krude 林哲豪",Typica,Washed / Wet,7.83,7.75,7.83,7.75,7.83,7.75,9.33,10.0,10.0,7.83,83.92,0.11,0,0.0,Green,3,"May 18th, 2017",Specialty Coffee Association,36d0d00a3724338ba7937c52a378d085f2172daa,0878a7d4b9d35ddbf0fe2ce69a2062cceb45a660,m,1200.0,1200.0,1200.0
23,277,Arabica,"ceca, s.a.",Costa Rica,gamboa,8039,beneficio montañas del diamante,5-025-0249,"ceca,s.a.",1850,tarrazu,Martin Gutierrez,275,69 kg,Specialty Coffee Association of Costa Rica,2015,"June 6th, 2016","CECA, S.A.",Caturra,Washed / Wet,7.67,7.67,7.75,7.67,7.5,7.75,10.0,10.0,10.0,7.83,83.83,0.0,0,0.0,Blue-Green,0,"June 6th, 2017",Specialty Coffee Association of Costa Rica,8e0b118f3cf3121ab27c5387deacdb7d4d2a60b1,5eb2b7129d9714c43825e44dc3bca9423de209e9,m,1850.0,1850.0,1850.0
24,278,Arabica,juan luis alvarado romero,Guatemala,finca medina,11/11711/60,beneficio siembras vision (154),11/11711/60,"siembras vision, s.a.",1500,antigua,FINCA MEDINA,100,69 kg,Asociacion Nacional Del Café,2016,"May 23rd, 2016",Juan Luis Alvarado Romero,Bourbon,Washed / Wet,7.75,7.75,7.5,7.75,7.83,7.58,10.0,10.0,10.0,7.67,83.83,0.11,0,7.0,Green,6,"May 23rd, 2017",Asociacion Nacional Del Café,b1f20fe3a819fd6b2ee0eb8fdc3da256604f1e53,724f04ad10ed31dbb9d260f0dfd221ba48be8a95,m,1500.0,1500.0,1500.0
25,297,Arabica,ipanema coffees,Brazil,fazenda capoeirnha,019/17,dry mill,002/1660/0079,ipanema coffees,890,south of minas,Ipanema Agricola S.A,320,60 kg,Brazil Specialty Coffee Association,2017 / 2018,"October 20th, 2017",Ipanema Coffees,Bourbon,Natural / Dry,7.67,7.67,7.58,7.75,7.67,7.67,10.0,10.0,10.0,7.75,83.75,0.11,0,0.0,Green,5,"October 20th, 2018",Brazil Specialty Coffee Association,3297cfa4c538e3dd03f72cc4082c54f7999e1f9d,8900f0bf1d0b2bafe6807a73562c7677d57eb980,m,890.0,890.0,890.0
26,299,Arabica,"lin, che-hao krude 林哲豪",Taiwan,崁頭山咖啡館 (kan tou mountain coffee),2017台南市精品咖啡評鑑批次 Specialty Coffee Evaluation of Tainan 2017,崁頭山咖啡館 (kan tou mountain coffee),Taiwan,taiwan coffee laboratory,750,"台南市東山區 (dongshan dist., tainan city)",曾如楓 & 郭俊宏 (Tseng Ju Feng & Kuo Jun Hong),10,10 kg,Specialty Coffee Association,2016,"June 6th, 2017","Lin, Che-Hao Krude 林哲豪",Typica,Natural / Dry,7.67,7.67,7.58,7.58,7.67,7.83,10.0,10.0,10.0,7.75,83.75,0.0,0,0.0,Green,0,"June 6th, 2018",Specialty Coffee Association,36d0d00a3724338ba7937c52a378d085f2172daa,0878a7d4b9d35ddbf0fe2ce69a2062cceb45a660,m,750.0,750.0,750.0
27,315,Arabica,ipanema coffees,Brazil,fazenda capoeirnha,020/17,dry mill,002/1660/0080,ipanema coffees,890,south of minas,Ipanema Agricola S.A,320,60 kg,Brazil Specialty Coffee Association,2017 / 2018,"October 20th, 2017",Ipanema Coffees,Bourbon,Natural / Dry,7.67,7.83,7.5,7.67,7.67,7.5,10.0,10.0,10.0,7.83,83.67,0.11,0,0.0,Green,2,"October 20th, 2018",Brazil Specialty Coffee Association,3297cfa4c538e3dd03f72cc4082c54f7999e1f9d,8900f0bf1d0b2bafe6807a73562c7677d57eb980,m,890.0,890.0,890.0
28,317,Arabica,bismarck castro,Honduras,los hicaques,103,cigrah s.a de c.v.,13 / 111 / 053,cigrah s.a de c.v,1400,comayagua,Reinerio Zepeda,285,69 kg,Instituto Hondureño del Café,2016,"May 11th, 2017",Bismarck Castro,Caturra,Washed / Wet,7.5,7.5,7.67,7.67,8.0,8.0,10.0,10.0,10.0,7.33,83.67,0.1,0,0.0,Green,2,"May 11th, 2018",Instituto Hondureño del Café,b4660a57e9f8cc613ae5b8f02bfce8634c763ab4,7f521ca403540f81ec99daec7da19c2788393880,m,1400.0,1400.0,1400.0
29,318,Arabica,"comercial internacional exportadora, s.a.",Nicaragua,santa matilde,606118 / K1730101,dry mill,017/001/1412,"comercial internacional exportadora, s.a.",1250,jinotega,RONALDO LACAYO CARDENAL,275,69 kg,Instituto Hondureño del Café,2016,"May 11th, 2017","COMERCIAL INTERNACIONAL EXPORTADORA, S.A.",Caturra,Washed / Wet,7.67,7.75,7.67,7.67,7.83,7.58,10.0,10.0,10.0,7.5,83.67,0.1,0,0.0,Green,3,"May 11th, 2018",Instituto Hondureño del Café,b4660a57e9f8cc613ae5b8f02bfce8634c763ab4,7f521ca403540f81ec99daec7da19c2788393880,m,1250.0,1250.0,1250.0
30,319,Arabica,ipanema coffees,Brazil,capoeirinha,008/16A,dry mill,002/1660/0106,ipanema coffees,934,south of minas,Ipanema Agricola,320,60 kg,Brazil Specialty Coffee Association,2016,"August 16th, 2016",Ipanema Coffees,Bourbon,Natural / Dry,7.58,7.75,7.58,7.75,7.58,7.58,10.0,10.0,10.0,7.83,83.67,0.11,0,2.0,Green,3,"August 16th, 2017",Brazil Specialty Coffee Association,3297cfa4c538e3dd03f72cc4082c54f7999e1f9d,8900f0bf1d0b2bafe6807a73562c7677d57eb980,m,934.0,934.0,934.0
31,320,Arabica,"lin, che-hao krude 林哲豪",Taiwan,tsoustructive garden 鄒築園,Tsoustructive 2015 Caturra,tsoustructive garden 鄒築園,Taiwan,taiwan coffee laboratory,1200,"leye, alishan township, chiayi county","FANG,ZHENG-LUN 方政倫",20,50 kg,Specialty Coffee Association,2015,"May 18th, 2016","Lin, Che-Hao Krude 林哲豪",Caturra,Natural / Dry,7.5,7.67,7.33,7.92,7.83,7.67,10.0,10.0,10.0,7.75,83.67,0.1,0,0.0,Bluish-Green,0,"May 18th, 2017",Specialty Coffee Association,36d0d00a3724338ba7937c52a378d085f2172daa,0878a7d4b9d35ddbf0fe2ce69a2062cceb45a660,m,1200.0,1200.0,1200.0
32,336,Arabica,ipanema coffees,Brazil,fazenda capoeirnha,020/17,dry mill,002/1660/0080,ipanema coffees,890,south of minas,Ipanema Agricola S.A,320,60 kg,Brazil Specialty Coffee Association,2017 / 2018,"October 20th, 2017",Ipanema Coffees,Bourbon,Natural / Dry,7.58,7.67,7.58,7.58,7.67,7.58,10.0,10.0,10.0,7.92,83.58,0.11,0,0.0,Green,5,"October 20th, 2018",Brazil Specialty Coffee Association,3297cfa4c538e3dd03f72cc4082c54f7999e1f9d,8900f0bf1d0b2bafe6807a73562c7677d57eb980,m,890.0,890.0,890.0
33,337,Arabica,juan luis alvarado romero,Guatemala,finca santa clara,11/52/1170,beneficio exportacafe agua santa,11/52/1170,exportcafe,3702,huehuetenango,JUAN RAMIREZ MORALES,275,69 kg,Asociacion Nacional Del Café,2016,"July 5th, 2016",Juan Luis Alvarado Romero,Caturra,Washed / Wet,7.75,7.75,7.5,7.83,7.58,7.58,10.0,10.0,10.0,7.58,83.58,0.11,0,1.0,Green,0,"July 5th, 2017",Asociacion Nacional Del Café,b1f20fe3a819fd6b2ee0eb8fdc3da256604f1e53,724f04ad10ed31dbb9d260f0dfd221ba48be8a95,ft,1128.3696,1128.3696,1128.3696
34,356,Arabica,juan luis alvarado romero,Guatemala,la esperanza,11/23/0145,beneficio ixchel,11/23/0145,"unex guatemala, s.a.",4000,oriente,MARGARITA AVILA DE NUYENS,250,69 kg,Asociacion Nacional Del Café,2016,"March 16th, 2016",Juan Luis Alvarado Romero,Bourbon,Washed / Wet,7.67,7.75,7.5,7.83,7.58,7.58,10.0,10.0,10.0,7.58,83.5,0.1,0,2.0,Bluish-Green,5,"March 16th, 2017",Asociacion Nacional Del Café,b1f20fe3a819fd6b2ee0eb8fdc3da256604f1e53,724f04ad10ed31dbb9d260f0dfd221ba48be8a95,ft,1219.2,1219.2,1219.2
35,377,Arabica,juan luis alvarado romero,Guatemala,piamonte,11/23/0696,beneficio ixchel,11/23/0696,"unex guatemala, s.a.",1700,san marcos,JORGE LEAL,50,69 kg,Asociacion Nacional Del Café,2017,"August 23rd, 2017",Juan Luis Alvarado Romero,Bourbon,Washed / Wet,7.67,7.75,7.5,7.58,7.58,7.67,10.0,10.0,10.0,7.67,83.42,0.1,0,0.0,Green,3,"August 23rd, 2018",Asociacion Nacional Del Café,b1f20fe3a819fd6b2ee0eb8fdc3da256604f1e53,724f04ad10ed31dbb9d260f0dfd221ba48be8a95,m,1700.0,1700.0,1700.0
36,379,Arabica,"ceca, s.a.",Costa Rica,gamboa,8885,beneficio montañas del diamante,5-025-0032,"ceca,s.a.",1850,tarrazu,Martin Gutierrez,275,69 kg,Specialty Coffee Association of Costa Rica,2016,"February 17th, 2017","CECA, S.A.",Caturra,Washed / Wet,7.58,7.5,7.42,7.92,7.5,7.67,10.0,10.0,10.0,7.83,83.42,0.09,0,0.0,Blue-Green,4,"February 17th, 2018",Specialty Coffee Association of Costa Rica,8e0b118f3cf3121ab27c5387deacdb7d4d2a60b1,5eb2b7129d9714c43825e44dc3bca9423de209e9,m,1850.0,1850.0,1850.0
37,381,Arabica,bugisu cooperative union,Uganda,bulago & buginyanya,5055,bcu,7697,bugisu cooperative union,1800,eastern,Bulago & Buginyanya,20,1218 kg,Uganda Coffee Development Authority,2015,"July 21st, 2016",Bugisu Cooperative Union,SL14,Washed / Wet,7.58,7.75,7.33,7.75,7.67,7.58,10.0,10.0,10.0,7.75,83.42,0.11,0,0.0,Green,1,"July 21st, 2017",Uganda Coffee Development Authority,188fe373b511e21f614564bf86aa4774270d8e04,b7614767a5343729bbde3a2777c60ce836aed928,m,1800.0,1800.0,1800.0
38,420,Arabica,juan luis alvarado romero,Guatemala,linda vista,11-973-152,linda vista,11/973/152,mercon guatemala s.a.,2100,nuevo oriente,PABLO CHUY,275,0 kg,Asociacion Nacional Del Café,2016,"August 12th, 2016",Juan Luis Alvarado Romero,Pacas,Washed / Wet,7.5,7.58,7.42,7.83,7.67,7.58,10.0,10.0,10.0,7.67,83.25,0.11,0,2.0,Green,7,"August 12th, 2017",Asociacion Nacional Del Café,b1f20fe3a819fd6b2ee0eb8fdc3da256604f1e53,724f04ad10ed31dbb9d260f0dfd221ba48be8a95,m,2100.0,2100.0,2100.0
39,441,Arabica,ipanema coffees,Brazil,fazenda capoeirnha,019/17,dry mill,002/1660/0079,ipanema coffees,890,south of minas,Ipanema Agricola S.A,320,60 kg,Brazil Specialty Coffee Association,2017 / 2018,"October 20th, 2017",Ipanema Coffees,Bourbon,Natural / Dry,7.67,7.42,7.5,7.58,7.67,7.58,10.0,10.0,10.0,7.75,83.17,0.11,0,0.0,Green,4,"October 20th, 2018",Brazil Specialty Coffee Association,3297cfa4c538e3dd03f72cc4082c54f7999e1f9d,8900f0bf1d0b2bafe6807a73562c7677d57eb980,m,890.0,890.0,890.0
40,442,Arabica,juan luis alvarado romero,Guatemala,beneficio el torreon,11/23/0673,beneficio ixchel,11/23/0673,"unex guatemala, s.a.",1901,oriente,AGROINDUSTRIAS CAFETALERAS,275,69 kg,Asociacion Nacional Del Café,2017,"August 24th, 2017",Juan Luis Alvarado Romero,Bourbon,Washed / Wet,7.58,7.58,7.33,7.67,7.75,7.58,10.0,10.0,10.0,7.67,83.17,0.1,0,0.0,Green,1,"August 24th, 2018",Asociacion Nacional Del Café,b1f20fe3a819fd6b2ee0eb8fdc3da256604f1e53,724f04ad10ed31dbb9d260f0dfd221ba48be8a95,m,1901.0,1901.0,1901.0
41,443,Arabica,taylor winch (t) ltd,"Tanzania, United Republic Of",mamsera,AA,rafiki (coffee) limited,033/0004,volcafe/taylorwinch tanzania ltd,16.8,moshi,Mamsera,320,60 kg,Tanzanian Coffee Board,2016,"June 20th, 2017",Taylor Winch (T) Ltd,Bourbon,Washed / Wet,7.67,7.58,7.42,7.67,7.67,7.58,10.0,10.0,10.0,7.58,83.17,0.12,0,0.0,Green,3,"June 20th, 2018",Tanzanian Coffee Board,047484d5700c44f033915e632e0c6013d985cd79,127e651fc8b7c35802268599656f2c76bf041b15,m,168.0,168.0,168.0
42,446,Arabica,juan luis alvarado romero,Guatemala,finca medina,11/11711/58,beneficio siembras vision (154),11/11711/58,"siembras vision, s.a.",1500,antigua,FINCA MEDINA,250,1500 kg,Asociacion Nacional Del Café,2016,"May 23rd, 2016",Juan Luis Alvarado Romero,Caturra,Washed / Wet,7.67,7.75,7.42,7.75,7.58,7.5,10.0,10.0,10.0,7.5,83.17,0.11,2,2.0,Green,3,"May 23rd, 2017",Asociacion Nacional Del Café,b1f20fe3a819fd6b2ee0eb8fdc3da256604f1e53,724f04ad10ed31dbb9d260f0dfd221ba48be8a95,m,1500.0,1500.0,1500.0
43,447,Arabica,cadexsa,Honduras,bethel,427,dry mill,13-63-214,cadexsa,1450,marcala,JOSE OMAR ACOSTA,275,69 kg,Instituto Hondureño del Café,2016,"May 2nd, 2016",CADEXSA,Catuai,Washed / Wet,7.67,7.67,7.5,7.67,7.5,7.67,10.0,10.0,10.0,7.5,83.17,0.11,0,1.0,Blue-Green,1,"May 2nd, 2017",Instituto Hondureño del Café,b4660a57e9f8cc613ae5b8f02bfce8634c763ab4,7f521ca403540f81ec99daec7da19c2788393880,m,1450.0,1450.0,1450.0
44,450,Arabica,consejo salvadoreño del café,El Salvador,agua caliente,1,agua caliente,9-392-68,consejo salvadoreño del café,1350,apaneca,Ecom Agroindustrial Corp. Ltd.,275,69 kg,Salvadoran Coffee Council,2016,"March 29th, 2016",Consejo Salvadoreño del Café,Bourbon,Washed / Wet,7.5,7.5,7.33,7.67,8.0,7.67,10.0,10.0,10.0,7.5,83.17,0.0,0,0.0,Green,0,"March 29th, 2017",Salvadoran Coffee Council,3d4987e3b91399dbb3938b5bdf53893b6ef45be1,27b21e368fb8291cbea02c60623fe6c98f84524d,m,1350.0,1350.0,1350.0
45,481,Arabica,ipanema coffees,Brazil,capoeirinha,261/15,dry mill,002/1660/0049,ipanema coffees,905,south of minas,Ipanema Agricola,320,60 kg,Brazil Specialty Coffee Association,2015,"April 25th, 2016",Ipanema Coffees,Yellow Bourbon,Pulped natural / honey,7.58,7.58,7.58,7.5,7.67,7.58,10.0,10.0,10.0,7.58,83.08,0.11,0,2.0,Bluish-Green,2,"April 25th, 2017",Brazil Specialty Coffee Association,3297cfa4c538e3dd03f72cc4082c54f7999e1f9d,8900f0bf1d0b2bafe6807a73562c7677d57eb980,m,905.0,905.0,905.0
46,497,Arabica,ipanema coffees,Brazil,fazenda capoeirnha,020/17,dry mill,002/1660/0080,ipanema coffees,890,south of minas,Ipanema Agricola S.A,320,60 kg,Brazil Specialty Coffee Association,2017 / 2018,"October 20th, 2017",Ipanema Coffees,Bourbon,Natural / Dry,7.58,7.5,7.5,7.75,7.67,7.5,10.0,10.0,10.0,7.5,83.0,0.0,0,0.0,Green,4,"October 20th, 2018",Brazil Specialty Coffee Association,3297cfa4c538e3dd03f72cc4082c54f7999e1f9d,8900f0bf1d0b2bafe6807a73562c7677d57eb980,m,890.0,890.0,890.0
47,498,Arabica,ipanema coffees,Brazil,fazenda capoeirnha,007/16A,dry mill,002/1660/0105,ipanema coffees,894,south of minas,Ipanema Agricola,320,60 kg,Brazil Specialty Coffee Association,2016,"August 16th, 2016",Ipanema Coffees,Bourbon,Natural / Dry,7.5,7.58,7.58,7.67,7.58,7.5,10.0,10.0,10.0,7.58,83.0,0.11,0,3.0,Green,5,"August 16th, 2017",Brazil Specialty Coffee Association,3297cfa4c538e3dd03f72cc4082c54f7999e1f9d,8900f0bf1d0b2bafe6807a73562c7677d57eb980,m,894.0,894.0,894.0
48,499,Arabica,ipanema coffees,Brazil,capoeirinha,007/16F,dry mill,002/1660/0105,ipanema coffees,872,south of minas,Ipanema Agricola,320,60 kg,Brazil Specialty Coffee Association,2016,"August 16th, 2016",Ipanema Coffees,Bourbon,Natural / Dry,7.5,7.67,7.58,7.67,7.58,7.42,10.0,10.0,10.0,7.58,83.0,0.11,0,2.0,Bluish-Green,3,"August 16th, 2017",Brazil Specialty Coffee Association,3297cfa4c538e3dd03f72cc4082c54f7999e1f9d,8900f0bf1d0b2bafe6807a73562c7677d57eb980,m,872.0,872.0,872.0
49,500,Arabica,ucfa,Uganda,isule farmers group,201501,ibero,C201501,ucfa,1473,"kasese, mt. rwenzori",Xavier Baluku,310,60 kg,Uganda Coffee Development Authority,2015,"July 18th, 2016",UCFA,Bourbon,Washed / Wet,7.67,7.58,7.42,7.42,7.83,7.5,10.0,10.0,10.0,7.58,83.0,0.12,0,0.0,Green,6,"July 18th, 2017",Uganda Coffee Development Authority,188fe373b511e21f614564bf86aa4774270d8e04,b7614767a5343729bbde3a2777c60ce836aed928,m,1473.0,1473.0,1473.0
50,501,Arabica,ucfa,Uganda,ibanda farmers group,201502,ibero,C201502,ucfa,1645,"kasese, mt. rwenzori",Emmanuel Munaaba,325,60 kg,Uganda Coffee Development Authority,2015,"July 18th, 2016",UCFA,Bourbon,Natural / Dry,7.67,7.67,7.5,7.58,7.42,7.5,10.0,10.0,10.0,7.67,83.0,0.12,0,5.0,Green,8,"July 18th, 2017",Uganda Coffee Development Authority,188fe373b511e21f614564bf86aa4774270d8e04,b7614767a5343729bbde3a2777c60ce836aed928,m,1645.0,1645.0,1645.0
51,534,Arabica,ipanema coffees,Brazil,fazenda capoeirnha,020/17,dry mill,002/1660/0080,ipanema coffees,890,south of minas,Ipanema Agricola S.A,320,60 kg,Brazil Specialty Coffee Association,2017 / 2018,"October 20th, 2017",Ipanema Coffees,Bourbon,Natural / Dry,7.67,7.58,7.5,7.58,7.58,7.5,10.0,10.0,10.0,7.5,82.92,0.0,0,0.0,Green,0,"October 20th, 2018",Brazil Specialty Coffee Association,3297cfa4c538e3dd03f72cc4082c54f7999e1f9d,8900f0bf1d0b2bafe6807a73562c7677d57eb980,m,890.0,890.0,890.0
52,535,Arabica,consejo salvadoreño del café,El Salvador,santa josefita,1-198,beneficio cuzcachapa,09-030-273,soc. coop. cuzcachapa de r.l.,1350,apaneca,"Balcanes Coffee Estates, S.A. de C.V.",100,69 kg,Salvadoran Coffee Council,2017,"August 28th, 2017",Consejo Salvadoreño del Café,Bourbon,Washed / Wet,7.5,7.5,7.75,7.58,7.92,7.83,10.0,10.0,9.33,7.5,82.92,0.0,0,0.0,Green,1,"August 28th, 2018",Salvadoran Coffee Council,3d4987e3b91399dbb3938b5bdf53893b6ef45be1,27b21e368fb8291cbea02c60623fe6c98f84524d,m,1350.0,1350.0,1350.0
53,537,Arabica,"lin, che-hao krude 林哲豪",Taiwan,shi fang yuan 十方源,2016 Tainan Coffee Cupping Event Micro Lot 臺南市咖啡評鑑批次,shi fang yuan 十方源,Taiwan,taiwan coffee laboratory,350,"dongshan dist., tainan city 臺南市東山區",Wang Chao Yung 王超永,10,20 kg,Specialty Coffee Association,2016,"June 28th, 2016","Lin, Che-Hao Krude 林哲豪",Caturra,Natural / Dry,7.17,7.83,7.25,7.67,7.67,7.58,10.0,10.0,10.0,7.75,82.92,0.09,31,0.0,Green,0,"June 28th, 2017",Specialty Coffee Association,36d0d00a3724338ba7937c52a378d085f2172daa,0878a7d4b9d35ddbf0fe2ce69a2062cceb45a660,m,350.0,350.0,350.0
54,561,Arabica,juan luis alvarado romero,Guatemala,piamonte,11/23/0513,beneficio ixchel,11/23/0513,"unex guatemala, s.a.",1700,san marcos,JORGE LEAL,50,69 kg,Asociacion Nacional Del Café,2017,"June 22nd, 2017",Juan Luis Alvarado Romero,Bourbon,Washed / Wet,7.5,7.58,7.33,7.67,7.58,7.58,10.0,10.0,10.0,7.58,82.83,0.11,1,1.0,Green,2,"June 22nd, 2018",Asociacion Nacional Del Café,b1f20fe3a819fd6b2ee0eb8fdc3da256604f1e53,724f04ad10ed31dbb9d260f0dfd221ba48be8a95,m,1700.0,1700.0,1700.0
55,562,Arabica,ipanema coffees,Brazil,capoeirinha,259/15,dry mill,002/1660/0047,ipanema coffees,905,south of minas,Ipanema Agricola,320,60 kg,Brazil Specialty Coffee Association,2015,"February 6th, 2017",Ipanema Coffees,Yellow Bourbon,Pulped natural / honey,7.67,7.58,7.58,7.5,7.5,7.42,10.0,10.0,10.0,7.58,82.83,0.11,0,2.0,Bluish-Green,2,"February 6th, 2018",Brazil Specialty Coffee Association,3297cfa4c538e3dd03f72cc4082c54f7999e1f9d,8900f0bf1d0b2bafe6807a73562c7677d57eb980,m,905.0,905.0,905.0
56,563,Arabica,consejo salvadoreño del café,El Salvador,el barbaro,1,santa adelaida,09-0488-1,consejo salvadoreño del café,1250,"el balsamo, quezaltepec","El Barbaro, S.A. de C.V.",275,69 kg,Salvadoran Coffee Council,2016,"April 8th, 2016",Consejo Salvadoreño del Café,Pacas,Washed / Wet,7.33,7.67,7.67,7.83,7.33,7.67,10.0,10.0,10.0,7.33,82.83,0.0,0,0.0,Green,4,"April 8th, 2017",Salvadoran Coffee Council,3d4987e3b91399dbb3938b5bdf53893b6ef45be1,27b21e368fb8291cbea02c60623fe6c98f84524d,m,1250.0,1250.0,1250.0
57,580,Arabica,juan luis alvarado romero,Guatemala,linda vista,11-973-276,linda vista,11-973-276,mercon guatemala s.a.,1800,santa rosa,PABLO ARTURO CHUY FLORES,275,69 kg,Asociacion Nacional Del Café,2017,"October 17th, 2017",Juan Luis Alvarado Romero,Caturra,Washed / Wet,7.58,7.67,7.5,7.58,7.5,7.42,10.0,10.0,10.0,7.5,82.75,0.11,0,0.0,Green,8,"October 17th, 2018",Asociacion Nacional Del Café,b1f20fe3a819fd6b2ee0eb8fdc3da256604f1e53,724f04ad10ed31dbb9d260f0dfd221ba48be8a95,m,1800.0,1800.0,1800.0
58,581,Arabica,juan luis alvarado romero,Guatemala,las merceditas,11/23/0693,beneficio ixchel,11/23/0693,"unex guatemala, s.a.",1700,san marcos,ANGEL DE LEON,50,69 kg,Asociacion Nacional Del Café,2017,"September 19th, 2017",Juan Luis Alvarado Romero,Bourbon,Washed / Wet,7.5,7.67,7.17,7.67,7.67,7.58,10.0,10.0,10.0,7.5,82.75,0.11,0,0.0,Green,4,"September 19th, 2018",Asociacion Nacional Del Café,b1f20fe3a819fd6b2ee0eb8fdc3da256604f1e53,724f04ad10ed31dbb9d260f0dfd221ba48be8a95,m,1700.0,1700.0,1700.0
59,582,Arabica,juan luis alvarado romero,Guatemala,las delicias,11/23/0632,beneficio ixchel,11/23/0632,"unex guatemala, s.a.",4000,santa rosa,OTTO BECKER,50,69 kg,Asociacion Nacional Del Café,2017,"September 8th, 2017",Juan Luis Alvarado Romero,Bourbon,Washed / Wet,7.5,7.5,7.42,7.58,7.67,7.5,10.0,10.0,10.0,7.58,82.75,0.1,0,0.0,Green,1,"September 8th, 2018",Asociacion Nacional Del Café,b1f20fe3a819fd6b2ee0eb8fdc3da256604f1e53,724f04ad10ed31dbb9d260f0dfd221ba48be8a95,ft,1219.2,1219.2,1219.2
60,583,Arabica,juan luis alvarado romero,Guatemala,la esmeralda,11/23/0690,beneficio ixchel,11/23/0690,"unex guatemala, s.a.",4000,oriente,JESUS RAMIREZ,25,69 kg,Asociacion Nacional Del Café,2017,"August 22nd, 2017",Juan Luis Alvarado Romero,Bourbon,Washed / Wet,7.42,7.58,7.42,7.67,7.5,7.5,10.0,10.0,10.0,7.67,82.75,0.1,0,0.0,Green,1,"August 22nd, 2018",Asociacion Nacional Del Café,b1f20fe3a819fd6b2ee0eb8fdc3da256604f1e53,724f04ad10ed31dbb9d260f0dfd221ba48be8a95,ft,1219.2,1219.2,1219.2
61,585,Arabica,juan luis alvarado romero,Guatemala,la esmeralda,11/23/0369,beneficio ixchel,11/23/0369,"unex guatemala, s.a.",518,el progreso,JESUS RAMIREZ,25,69 kg,Asociacion Nacional Del Café,2017,"June 1st, 2017",Juan Luis Alvarado Romero,Bourbon,Washed / Wet,7.58,7.58,7.33,7.58,7.33,7.67,10.0,10.0,10.0,7.67,82.75,0.12,0,0.0,Green,0,"June 1st, 2018",Asociacion Nacional Del Café,b1f20fe3a819fd6b2ee0eb8fdc3da256604f1e53,724f04ad10ed31dbb9d260f0dfd221ba48be8a95,ft,157.8864,157.8864,157.8864
62,586,Arabica,"lin, che-hao krude 林哲豪",Taiwan,大鋤花間 (hoe vs. flower coffee farm),2017台南市精品咖啡評鑑批次 Specialty Coffee Evaluation of Tainan 2017 lot.20161220,大鋤花間 (hoe vs. flower coffee farm),Taiwan,taiwan coffee laboratory,650,"台南市東山區( dongshan dist., tainan city)","林俊吉( Lin, Chun-Chi)",8,10 kg,Specialty Coffee Association,2016,"June 1st, 2017","Lin, Che-Hao Krude 林哲豪",Yellow Bourbon,Natural / Dry,7.83,7.67,7.33,7.67,7.58,7.67,9.33,10.0,10.0,7.67,82.75,0.0,0,0.0,Green,0,"June 1st, 2018",Specialty Coffee Association,36d0d00a3724338ba7937c52a378d085f2172daa,0878a7d4b9d35ddbf0fe2ce69a2062cceb45a660,m,650.0,650.0,650.0
63,588,Arabica,"ceca, s.a.",Costa Rica,gamboa,8866-2,beneficio montañas del diamante,5-025-0109,"ceca,s.a.",1850,tarrazu,Martin Gutierrez,250,69 kg,Specialty Coffee Association of Costa Rica,2016,"April 28th, 2017","CECA, S.A.",Caturra,Washed / Wet,7.58,7.5,7.42,7.67,7.42,7.5,10.0,10.0,10.0,7.67,82.75,0.09,0,0.0,Bluish-Green,1,"April 28th, 2018",Specialty Coffee Association of Costa Rica,8e0b118f3cf3121ab27c5387deacdb7d4d2a60b1,5eb2b7129d9714c43825e44dc3bca9423de209e9,m,1850.0,1850.0,1850.0
64,589,Arabica,bismarck castro,Honduras,los hicaques,103,cigrah s.a de c.v.,13-111-053,cigrah s.a de c.v,1400,comayagua,Reinerio Zepeda,275,69 kg,Instituto Hondureño del Café,2017,"April 6th, 2017",Bismarck Castro,Caturra,Natural / Dry,7.58,7.5,7.42,7.58,7.5,7.5,10.0,10.0,10.0,7.67,82.75,0.09,0,1.0,Green,6,"April 6th, 2018",Instituto Hondureño del Café,b4660a57e9f8cc613ae5b8f02bfce8634c763ab4,7f521ca403540f81ec99daec7da19c2788393880,m,1400.0,1400.0,1400.0
65,590,Arabica,ipanema coffees,Brazil,capoeirinha,260/15,dry mill,002/1660/0048,ipanema coffees,905,south of minas,Ipanema Agricola,320,60 kg,Brazil Specialty Coffee Association,2015,"April 25th, 2016",Ipanema Coffees,Yellow Bourbon,Pulped natural / honey,7.5,7.5,7.58,7.5,7.58,7.58,10.0,10.0,10.0,7.5,82.75,0.11,0,2.0,Bluish-Green,1,"April 25th, 2017",Brazil Specialty Coffee Association,3297cfa4c538e3dd03f72cc4082c54f7999e1f9d,8900f0bf1d0b2bafe6807a73562c7677d57eb980,m,905.0,905.0,905.0
66,592,Arabica,yunnan coffee exchange,China,pu'er lingdu yunlin coffee co.ltd,YNC-16014,pu'er lingdu yunlin coffee co.ltd mill,5300343627999,yunnan coffee exchange,1500,menglian,Pu'er Lingdu Yunlin Coffee Co.LTD,3,60 kg,Yunnan Coffee Exchange,2015,"April 5th, 2016",Yunnan Coffee Exchange,Catimor,Washed / Wet,7.5,7.67,7.42,7.67,7.5,7.5,10.0,10.0,10.0,7.5,82.75,0.11,0,0.0,Green,2,"April 5th, 2017",Yunnan Coffee Exchange,683fa6014608fc10ff681b0435b0b2dbe6df988f,f6d87a6c04653c569d4911a66f89d5e30ce83b93,m,1500.0,1500.0,1500.0
67,608,Arabica,ipanema coffees,Brazil,capoeirinha,019/17,dry mill,002/1660/0079,ipanema coffees,890,south of minas,Ipanema Agricola S.A,320,60 kg,Brazil Specialty Coffee Association,2017 / 2018,"October 20th, 2017",Ipanema Coffees,Bourbon,Natural / Dry,7.5,7.58,7.25,7.75,7.58,7.5,10.0,10.0,10.0,7.5,82.67,0.0,0,0.0,Green,4,"October 20th, 2018",Brazil Specialty Coffee Association,3297cfa4c538e3dd03f72cc4082c54f7999e1f9d,8900f0bf1d0b2bafe6807a73562c7677d57eb980,m,890.0,890.0,890.0
68,609,Arabica,ipanema coffees,Brazil,capoeirinha,007/16D,dry mill,002/1660/0105,ipanema coffees,934,south of minas,Ipanema Agricola,320,60 kg,Brazil Specialty Coffee Association,2016,"August 16th, 2016",Ipanema Coffees,Bourbon,Natural / Dry,7.5,7.58,7.5,7.67,7.5,7.42,10.0,10.0,10.0,7.5,82.67,0.11,0,2.0,Bluish-Green,3,"August 16th, 2017",Brazil Specialty Coffee Association,3297cfa4c538e3dd03f72cc4082c54f7999e1f9d,8900f0bf1d0b2bafe6807a73562c7677d57eb980,m,934.0,934.0,934.0
69,611,Arabica,consejo salvadoreño del café,El Salvador,el barbaro,1,santa adelaida,09-0488-001,consejo salvadoreño del café,1200,"el balsamo, quezaltepec","El Barbaro, S.A. de C.V.",275,69 kg,Salvadoran Coffee Council,2016,"March 29th, 2016",Consejo Salvadoreño del Café,Pacas,Washed / Wet,7.67,7.67,7.67,7.67,7.5,7.67,10.0,10.0,9.33,7.5,82.67,0.0,0,0.0,Green,7,"March 29th, 2017",Salvadoran Coffee Council,3d4987e3b91399dbb3938b5bdf53893b6ef45be1,27b21e368fb8291cbea02c60623fe6c98f84524d,m,1200.0,1200.0,1200.0
70,634,Arabica,juan luis alvarado romero,Guatemala,la esmeralda,11/23/0634,beneficio ixchel,11/23/0634,"unex guatemala, s.a.",4000,oriente,JESUS RAMIREZ,25,69 kg,Asociacion Nacional Del Café,2017,"September 8th, 2017",Juan Luis Alvarado Romero,Bourbon,Washed / Wet,7.5,7.42,7.42,7.75,7.5,7.5,10.0,10.0,10.0,7.5,82.58,0.1,0,1.0,Green,2,"September 8th, 2018",Asociacion Nacional Del Café,b1f20fe3a819fd6b2ee0eb8fdc3da256604f1e53,724f04ad10ed31dbb9d260f0dfd221ba48be8a95,ft,1219.2,1219.2,1219.2
71,635,Arabica,"lin, che-hao krude 林哲豪",Taiwan,林園咖啡 lin yuan coffee,2017南投咖啡評鑑 NANTOU COFFEE EVALUATION EVENT 2017,林園咖啡 lin yuan coffee,Taiwan,taiwan coffee laboratory,1050,國姓鄉 guoshing township,林文弘 Lin Wen Hong,6,5 kg,Specialty Coffee Association,2016,"August 22nd, 2017","Lin, Che-Hao Krude 林哲豪",Typica,Pulped natural / honey,7.67,7.42,7.5,7.42,7.58,7.5,10.0,10.0,10.0,7.5,82.58,0.11,0,5.0,Green,0,"August 22nd, 2018",Specialty Coffee Association,36d0d00a3724338ba7937c52a378d085f2172daa,0878a7d4b9d35ddbf0fe2ce69a2062cceb45a660,m,1050.0,1050.0,1050.0
72,654,Arabica,ipanema coffees,Brazil,fazenda capoeirnha,020/17,dry mill,002/1660/0080,ipanema coffees,890,south of minas,Ipanema Agricola S.A,320,60 kg,Brazil Specialty Coffee Association,2017 / 2018,"October 20th, 2017",Ipanema Coffees,Bourbon,Natural / Dry,7.5,7.5,7.5,7.5,7.58,7.5,10.0,10.0,10.0,7.42,82.5,0.11,0,0.0,Green,4,"October 20th, 2018",Brazil Specialty Coffee Association,3297cfa4c538e3dd03f72cc4082c54f7999e1f9d,8900f0bf1d0b2bafe6807a73562c7677d57eb980,m,890.0,890.0,890.0
73,656,Arabica,elsy reyes,Honduras,las cuchillas,165,cigrah s.a de c.v.,13-111-097,cigrah,1400,comayagua,Nahun Maldonado,275,69 kg,Instituto Hondureño del Café,2017,"June 3rd, 2017",Elsy Reyes,Caturra,Washed / Wet,7.58,7.58,7.33,7.5,7.5,7.5,10.0,10.0,10.0,7.5,82.5,0.1,0,0.0,Green,4,"June 3rd, 2018",Instituto Hondureño del Café,b4660a57e9f8cc613ae5b8f02bfce8634c763ab4,7f521ca403540f81ec99daec7da19c2788393880,m,1400.0,1400.0,1400.0
74,657,Arabica,juan luis alvarado romero,Guatemala,la esperanza,11/23/0146,beneficio ixchel,11/23/0146,"unex guatemala, s.a.",4000,oriente,MARGARITA AVILA DE NUYENS,50,69 kg,Asociacion Nacional Del Café,2016,"March 16th, 2016",Juan Luis Alvarado Romero,Bourbon,Washed / Wet,7.5,7.5,7.33,7.5,7.67,7.5,10.0,10.0,10.0,7.5,82.5,0.1,0,2.0,Green,2,"March 16th, 2017",Asociacion Nacional Del Café,b1f20fe3a819fd6b2ee0eb8fdc3da256604f1e53,724f04ad10ed31dbb9d260f0dfd221ba48be8a95,ft,1219.2,1219.2,1219.2
75,676,Arabica,juan luis alvarado romero,Guatemala,piamonte,11/23/0639,beneficio ixchel,11/23/0639,"unex guatemala, s.a.",1700,san marcos,JORGE LEAL,50,69 kg,Asociacion Nacional Del Café,2017,"September 8th, 2017",Juan Luis Alvarado Romero,Bourbon,Washed / Wet,7.58,7.5,7.33,7.75,7.33,7.5,10.0,10.0,10.0,7.42,82.42,0.1,0,1.0,Green,2,"September 8th, 2018",Asociacion Nacional Del Café,b1f20fe3a819fd6b2ee0eb8fdc3da256604f1e53,724f04ad10ed31dbb9d260f0dfd221ba48be8a95,m,1700.0,1700.0,1700.0
76,677,Arabica,juan luis alvarado romero,Guatemala,las merceditas,11/23/0366,beneficio ixchel,11/23/0366,"unex guatemala, s.a.",1700,san marcos,ANGEL DE LEON,50,69 kg,Asociacion Nacional Del Café,2016,"June 1st, 2017",Juan Luis Alvarado Romero,Bourbon,Washed / Wet,7.67,7.58,7.25,7.67,7.42,7.33,10.0,10.0,10.0,7.5,82.42,0.12,0,0.0,Green,0,"June 1st, 2018",Asociacion Nacional Del Café,b1f20fe3a819fd6b2ee0eb8fdc3da256604f1e53,724f04ad10ed31dbb9d260f0dfd221ba48be8a95,m,1700.0,1700.0,1700.0
77,678,Arabica,juan luis alvarado romero,Guatemala,la esmeralda,11/23/0400,beneficio ixchel,11/23/0400,"unex guatemala, s.a.",518,el progreso,JESUS RAMIREZ,20,69 kg,Asociacion Nacional Del Café,2017,"June 1st, 2017",Juan Luis Alvarado Romero,Bourbon,Washed / Wet,7.58,7.5,7.25,7.67,7.5,7.5,10.0,10.0,10.0,7.42,82.42,0.12,0,0.0,Green,0,"June 1st, 2018",Asociacion Nacional Del Café,b1f20fe3a819fd6b2ee0eb8fdc3da256604f1e53,724f04ad10ed31dbb9d260f0dfd221ba48be8a95,ft,157.8864,157.8864,157.8864
78,706,Arabica,bismarck castro,Honduras,los hicaques,63,cigrah s.a de c.v.,13-111-022,cigrah s.a de c.v,1396,comayagua,Reinerio Zepeda,275,69 kg,Instituto Hondureño del Café,2017,"April 6th, 2017",Bismarck Castro,Caturra,Washed / Wet,7.5,7.58,7.33,7.5,7.42,7.42,10.0,10.0,10.0,7.58,82.33,0.1,0,1.0,Green,8,"April 6th, 2018",Instituto Hondureño del Café,b4660a57e9f8cc613ae5b8f02bfce8634c763ab4,7f521ca403540f81ec99daec7da19c2788393880,m,1396.0,1396.0,1396.0
79,709,Arabica,ipanema coffees,Brazil,capoeirinha,008/16B,dry mill,002/1660/0106,ipanema coffees,934,south of minas,Ipanema Agricola,320,60 kg,Brazil Specialty Coffee Association,2016,"August 16th, 2016",Ipanema Coffees,Bourbon,Natural / Dry,7.5,7.5,7.42,7.5,7.42,7.5,10.0,10.0,10.0,7.5,82.33,0.11,0,2.0,Bluish-Green,3,"August 16th, 2017",Brazil Specialty Coffee Association,3297cfa4c538e3dd03f72cc4082c54f7999e1f9d,8900f0bf1d0b2bafe6807a73562c7677d57eb980,m,934.0,934.0,934.0
80,710,Arabica,"ceca, s.a.",Costa Rica,gamboa,8270,beneficio montañas del diamante,5-025-0294,"ceca,s.a.",1850,tarrazu,Martin Gutierrez,100,69 kg,Specialty Coffee Association of Costa Rica,2015,"July 15th, 2016","CECA, S.A.",Caturra,Washed / Wet,7.75,7.5,7.25,7.25,7.42,7.67,10.0,10.0,10.0,7.5,82.33,0.1,6,1.0,Bluish-Green,3,"July 15th, 2017",Specialty Coffee Association of Costa Rica,8e0b118f3cf3121ab27c5387deacdb7d4d2a60b1,5eb2b7129d9714c43825e44dc3bca9423de209e9,m,1850.0,1850.0,1850.0
81,711,Arabica,rodrigo soto,Costa Rica,rio jorco,Tarrazu,rio jorco,5/423/0127,panamerican coffee trading,1550,tarrazu,Johanna,130,69 kg,Specialty Coffee Association of Costa Rica,2015,"May 17th, 2016",Rodrigo Soto,Catuai,Washed / Wet,7.75,7.33,7.5,7.5,7.33,7.58,10.0,10.0,10.0,7.33,82.33,0.0,0,2.0,Green,0,"May 17th, 2017",Specialty Coffee Association of Costa Rica,8e0b118f3cf3121ab27c5387deacdb7d4d2a60b1,5eb2b7129d9714c43825e44dc3bca9423de209e9,m,1550.0,1550.0,1550.0
82,737,Arabica,juan luis alvarado romero,Guatemala,linda vista,11/973/158,beneficio humedo,11/973/158,mercon guatemala s.a.,1450,nuevo oriente,PABLO CHUY,275,69 kg,Asociacion Nacional Del Café,2016,"August 31st, 2016",Juan Luis Alvarado Romero,Pacas,Washed / Wet,7.67,7.5,7.25,7.67,7.42,7.42,10.0,10.0,10.0,7.33,82.25,0.11,0,2.0,Green,2,"August 31st, 2017",Asociacion Nacional Del Café,b1f20fe3a819fd6b2ee0eb8fdc3da256604f1e53,724f04ad10ed31dbb9d260f0dfd221ba48be8a95,m,1450.0,1450.0,1450.0
83,757,Arabica,ipanema coffees,Brazil,fazenda capoeirnha,007/16C,dry mill,002/1660/0105,ipanema coffees,934,south of minas,Ipanema Agricola,320,60 kg,Brazil Specialty Coffee Association,2016,"August 16th, 2016",Ipanema Coffees,Bourbon,Natural / Dry,7.42,7.42,7.5,7.42,7.42,7.5,10.0,10.0,10.0,7.5,82.17,0.11,0,1.0,Green,5,"August 16th, 2017",Brazil Specialty Coffee Association,3297cfa4c538e3dd03f72cc4082c54f7999e1f9d,8900f0bf1d0b2bafe6807a73562c7677d57eb980,m,934.0,934.0,934.0
84,758,Arabica,bismarck castro,Honduras,las cuchillas,118,dry mill,13-111-054,cigrah s.a de c.v,1500,comayagua,Nahun Maldonado,200,69 kg,Instituto Hondureño del Café,2015,"June 9th, 2016",Bismarck Castro,Caturra,Washed / Wet,7.5,7.5,7.17,7.42,7.5,7.5,10.0,10.0,10.0,7.58,82.17,0.11,0,1.0,Bluish-Green,2,"June 9th, 2017",Instituto Hondureño del Café,b4660a57e9f8cc613ae5b8f02bfce8634c763ab4,7f521ca403540f81ec99daec7da19c2788393880,m,1500.0,1500.0,1500.0
85,780,Arabica,ipanema coffees,Brazil,fazenda capoeirnha,007/16B,dry mill,002/1660/0105,ipanema coffees,894,south of minas,Ipanema Agricola,320,60 kg,Brazil Specialty Coffee Association,2016,"August 16th, 2016",Ipanema Coffees,Bourbon,Natural / Dry,7.42,7.58,7.42,7.5,7.42,7.25,10.0,10.0,10.0,7.5,82.08,0.11,0,1.0,Green,3,"August 16th, 2017",Brazil Specialty Coffee Association,3297cfa4c538e3dd03f72cc4082c54f7999e1f9d,8900f0bf1d0b2bafe6807a73562c7677d57eb980,m,894.0,894.0,894.0
86,795,Arabica,bismarck castro,Honduras,las moras,47,cigrah s.a de c.v.,13-111-024,cigrah s.a de c.v,1600,el paraíso,Santos Fonseca,275,69 kg,Instituto Hondureño del Café,2017,"June 1st, 2017",Bismarck Castro,Caturra,Washed / Wet,7.5,7.5,7.17,7.5,7.5,7.42,10.0,10.0,10.0,7.42,82.0,0.12,0,0.0,Green,1,"June 1st, 2018",Instituto Hondureño del Café,b4660a57e9f8cc613ae5b8f02bfce8634c763ab4,7f521ca403540f81ec99daec7da19c2788393880,m,1600.0,1600.0,1600.0
87,796,Arabica,bismarck castro,Honduras,las moras,47,cigrah s.a de c.v.,13-111-024,cigrah s.a de c.v,1600,guinope el paraíso,Santos Fonseca,275,69 kg,Instituto Hondureño del Café,2016,"April 6th, 2017",Bismarck Castro,Caturra,Natural / Dry,7.5,7.5,7.25,7.33,7.42,7.5,10.0,10.0,10.0,7.5,82.0,0.1,0,1.0,Green,7,"April 6th, 2018",Instituto Hondureño del Café,b4660a57e9f8cc613ae5b8f02bfce8634c763ab4,7f521ca403540f81ec99daec7da19c2788393880,m,1600.0,1600.0,1600.0
88,797,Arabica,ipanema coffees,Brazil,capoeirinha,007/16G,dry mill,002/1660/0105,ipanema coffees,944,south of minas,Ipanema Agricola,230,60 kg,Brazil Specialty Coffee Association,2016,"August 16th, 2016",Ipanema Coffees,Bourbon,Natural / Dry,7.5,7.33,7.42,7.5,7.33,7.42,10.0,10.0,10.0,7.5,82.0,0.11,0,2.0,Green,3,"August 16th, 2017",Brazil Specialty Coffee Association,3297cfa4c538e3dd03f72cc4082c54f7999e1f9d,8900f0bf1d0b2bafe6807a73562c7677d57eb980,m,944.0,944.0,944.0
89,816,Arabica,juan luis alvarado romero,Guatemala,la esperanza,11/23/0633,beneficio ixchel,11/23/0633,"unex guatemala, s.a.",1901,oriente,"AGRICOLA EL PILAR, S.A.",25,69 kg,Asociacion Nacional Del Café,2017,"August 22nd, 2017",Juan Luis Alvarado Romero,Bourbon,Washed / Wet,7.58,7.5,7.25,7.58,7.58,7.5,9.33,10.0,10.0,7.58,81.92,0.1,0,0.0,Green,1,"August 22nd, 2018",Asociacion Nacional Del Café,b1f20fe3a819fd6b2ee0eb8fdc3da256604f1e53,724f04ad10ed31dbb9d260f0dfd221ba48be8a95,m,1901.0,1901.0,1901.0
90,817,Arabica,juan luis alvarado romero,Guatemala,las delicias,11/23/0515,beneficio ixchel,11/23/0515,"unex guatemala, s.a.",4000,santa rosa,OTTO BECKER,50,69 kg,Asociacion Nacional Del Café,2017,"June 22nd, 2017",Juan Luis Alvarado Romero,Bourbon,Washed / Wet,7.5,7.5,7.25,7.42,7.42,7.42,10.0,10.0,10.0,7.42,81.92,0.11,0,2.0,Green,0,"June 22nd, 2018",Asociacion Nacional Del Café,b1f20fe3a819fd6b2ee0eb8fdc3da256604f1e53,724f04ad10ed31dbb9d260f0dfd221ba48be8a95,ft,1219.2,1219.2,1219.2
91,818,Arabica,bismarck castro,Honduras,los hicaques,63,cigrah s.a de c.v.,13-111-022,cigrah s.a de c.v,1400,comayagua,Reinerio Zepeda,274,67 kg,Instituto Hondureño del Café,2017,"June 1st, 2017",Bismarck Castro,Caturra,Washed / Wet,7.58,7.5,7.25,7.33,7.42,7.5,10.0,10.0,10.0,7.33,81.92,0.12,0,0.0,Green,1,"June 1st, 2018",Instituto Hondureño del Café,b4660a57e9f8cc613ae5b8f02bfce8634c763ab4,7f521ca403540f81ec99daec7da19c2788393880,m,1400.0,1400.0,1400.0
92,819,Arabica,gabriel barbara,Brazil,santa bárbara,2016/0002,copag,02 / 143-0 / 0044,volcafe ltda.,1020,monte carmelo,Múcio Cardoso,305,59 kg,Brazil Specialty Coffee Association,2016 / 2017,"October 26th, 2016",Gabriel Barbara,Catuai,Natural / Dry,7.42,7.33,7.33,7.5,7.5,7.33,10.0,10.0,10.0,7.5,81.92,0.11,0,0.0,Green,4,"October 26th, 2017",Brazil Specialty Coffee Association,3297cfa4c538e3dd03f72cc4082c54f7999e1f9d,8900f0bf1d0b2bafe6807a73562c7677d57eb980,m,1020.0,1020.0,1020.0
93,834,Arabica,juan luis alvarado romero,Guatemala,la esmeralda,11/23/0634,beneficio ixchel,11/23/0634,"unex guatemala, s.a.",518,oriente,JESUS RAMIREZ,25,69 kg,Asociacion Nacional Del Café,2017,"August 22nd, 2017",Juan Luis Alvarado Romero,Bourbon,Washed / Wet,7.42,7.5,7.25,7.5,7.33,7.42,10.0,10.0,10.0,7.42,81.83,0.1,1,0.0,Green,1,"August 22nd, 2018",Asociacion Nacional Del Café,b1f20fe3a819fd6b2ee0eb8fdc3da256604f1e53,724f04ad10ed31dbb9d260f0dfd221ba48be8a95,ft,157.8864,157.8864,157.8864
94,836,Arabica,gabriel barbara,Brazil,helena,2017/001,copag,02/0143-0/0292,volcafe ltda.,973,monte carmelo,Helena Pingnatti Ricci,200,59 kg,Brazil Specialty Coffee Association,2016,"January 20th, 2017",Gabriel Barbara,Mundo Novo,Natural / Dry,7.42,7.5,7.42,7.5,7.42,7.25,10.0,10.0,10.0,7.33,81.83,0.11,0,1.0,Green,3,"January 20th, 2018",Brazil Specialty Coffee Association,3297cfa4c538e3dd03f72cc4082c54f7999e1f9d,8900f0bf1d0b2bafe6807a73562c7677d57eb980,m,973.0,973.0,973.0
95,837,Arabica,aulia arif syahri,Indonesia,mudar,BALI INTEN DEWATA,pt. olam indonesia,015/1969/008,pt. olam indonesia,1250,bali,MUDAR,166,30 kg,Specialty Coffee Association,2015,"January 19th, 2017",Aulia Arif Syahri,Other,Other,7.75,7.83,7.58,7.75,7.92,7.83,10.0,10.0,10.0,5.17,81.83,0.11,0,1.0,Green,0,"January 19th, 2018",Specialty Coffee Association,36d0d00a3724338ba7937c52a378d085f2172daa,0878a7d4b9d35ddbf0fe2ce69a2062cceb45a660,m,1250.0,1250.0,1250.0
96,838,Arabica,juan luis alvarado romero,Guatemala,chapultepec,11/23/0507,beneficio ixchel,11/23/0507,"unex guatemala, s.a.",3280,norte,CHAPULTEPEC,130,69 kg,Asociacion Nacional Del Café,2015,"August 2nd, 2016",Juan Luis Alvarado Romero,Bourbon,Washed / Wet,7.58,7.5,7.33,7.42,7.58,7.25,10.0,10.0,10.0,7.17,81.83,0.1,2,0.0,Green,6,"August 2nd, 2017",Asociacion Nacional Del Café,b1f20fe3a819fd6b2ee0eb8fdc3da256604f1e53,724f04ad10ed31dbb9d260f0dfd221ba48be8a95,m,3280.0,3280.0,3280.0
97,860,Arabica,juan luis alvarado romero,Guatemala,las merceditas,11/23/0514,beneficio ixchel,11/23/0514,"unex guatemala, s.a.",1700,san marcos,ANGEL DE LEON,50,69 kg,Asociacion Nacional Del Café,2017,"June 22nd, 2017",Juan Luis Alvarado Romero,Bourbon,Washed / Wet,7.5,7.5,7.25,7.42,7.42,7.33,10.0,10.0,10.0,7.33,81.75,0.11,0,1.0,Green,1,"June 22nd, 2018",Asociacion Nacional Del Café,b1f20fe3a819fd6b2ee0eb8fdc3da256604f1e53,724f04ad10ed31dbb9d260f0dfd221ba48be8a95,m,1700.0,1700.0,1700.0
98,871,Arabica,ipanema coffees,Brazil,fazenda capoeirnha,019/17,dry mill,002/1660/0079,ipanema coffees,890,south of minas,Ipanema Agricola S.A,320,60 kg,Brazil Specialty Coffee Association,2017 / 2018,"October 20th, 2017",Ipanema Coffees,Bourbon,Natural / Dry,7.42,7.5,7.25,7.5,7.5,7.25,10.0,10.0,10.0,7.25,81.67,0.11,0,0.0,Green,5,"October 20th, 2018",Brazil Specialty Coffee Association,3297cfa4c538e3dd03f72cc4082c54f7999e1f9d,8900f0bf1d0b2bafe6807a73562c7677d57eb980,m,890.0,890.0,890.0
99,872,Arabica,juan luis alvarado romero,Guatemala,las merceditas,11/23/0640,beneficio ixchel,11/23/0640,"unex guatemala, s.a.",1700,san marcos,ANGEL DE LEON,50,69 kg,Asociacion Nacional Del Café,2017,"August 22nd, 2017",Juan Luis Alvarado Romero,Bourbon,Washed / Wet,7.42,7.42,7.08,7.42,7.33,7.42,10.0,10.0,10.0,7.58,81.67,0.1,0,0.0,Green,1,"August 22nd, 2018",Asociacion Nacional Del Café,b1f20fe3a819fd6b2ee0eb8fdc3da256604f1e53,724f04ad10ed31dbb9d260f0dfd221ba48be8a95,m,1700.0,1700.0,1700.0
100,873,Arabica,juan luis alvarado romero,Guatemala,la esmeralda,11/23/0701,beneficio ixchel,11/23/0701,"unex guatemala, s.a.",4000,santa rosa,JESUS RAMIREZ,80,69 kg,Asociacion Nacional Del Café,2017,"June 5th, 2017",Juan Luis Alvarado Romero,Bourbon,Washed / Wet,7.42,7.33,7.17,7.67,7.33,7.42,10.0,10.0,10.0,7.33,81.67,0.12,0,1.0,Green,3,"June 5th, 2018",Asociacion Nacional Del Café,b1f20fe3a819fd6b2ee0eb8fdc3da256604f1e53,724f04ad10ed31dbb9d260f0dfd221ba48be8a95,ft,1219.2,1219.2,1219.2
101,874,Arabica,cadexsa,Honduras,bethel,340,dry mill,13-63-174,cadexsa,1450,marcala,JOSE OMAR ACOSTA,275,69 kg,Instituto Hondureño del Café,2016,"May 2nd, 2016",CADEXSA,Catuai,Washed / Wet,7.58,7.5,7.33,7.33,7.42,7.25,10.0,10.0,10.0,7.25,81.67,0.11,0,0.0,Blue-Green,2,"May 2nd, 2017",Instituto Hondureño del Café,b4660a57e9f8cc613ae5b8f02bfce8634c763ab4,7f521ca403540f81ec99daec7da19c2788393880,m,1450.0,1450.0,1450.0
102,897,Arabica,juan luis alvarado romero,Guatemala,la esperanza,11/23/0368,beneficio ixchel,11/23/0368,"unex guatemala, s.a.",190164,huehuetenango,"AGRICOLA EL PILAR, SA.",25,69 kg,Asociacion Nacional Del Café,2017,"June 1st, 2017",Juan Luis Alvarado Romero,Bourbon,Washed / Wet,7.42,7.42,7.08,7.5,7.42,7.33,10.0,10.0,10.0,7.42,81.58,0.12,0,0.0,Green,0,"June 1st, 2018",Asociacion Nacional Del Café,b1f20fe3a819fd6b2ee0eb8fdc3da256604f1e53,724f04ad10ed31dbb9d260f0dfd221ba48be8a95,m,190164.0,190164.0,190164.0
103,898,Arabica,"lin, che-hao krude 林哲豪",Taiwan,baishengcun coffee 百勝村咖啡莊園,2016 Washed,baishengcun coffee 百勝村咖啡莊園,Taiwan,taiwan coffee laboratory,800,natou county,蘇晉寬 Su Jin Kuan,20,50 kg,Specialty Coffee Association,2016,"July 15th, 2016","Lin, Che-Hao Krude 林哲豪",Typica,Washed / Wet,7.42,7.42,7.25,7.67,7.33,7.25,10.0,10.0,10.0,7.25,81.58,0.1,0,0.0,Blue-Green,0,"July 15th, 2017",Specialty Coffee Association,36d0d00a3724338ba7937c52a378d085f2172daa,0878a7d4b9d35ddbf0fe2ce69a2062cceb45a660,m,800.0,800.0,800.0
104,911,Arabica,juan luis alvarado romero,Guatemala,las delicias,11/23/0688,beneficio ixchel,11/23/0688,"unex guatemala, s.a.",4000,santa rosa,OTTO BECKER,50,69 kg,Asociacion Nacional Del Café,2017,"August 23rd, 2017",Juan Luis Alvarado Romero,Bourbon,Washed / Wet,7.67,7.58,7.17,7.42,7.33,7.42,9.33,10.0,10.0,7.58,81.5,0.1,0,0.0,Green,0,"August 23rd, 2018",Asociacion Nacional Del Café,b1f20fe3a819fd6b2ee0eb8fdc3da256604f1e53,724f04ad10ed31dbb9d260f0dfd221ba48be8a95,ft,1219.2,1219.2,1219.2
105,912,Arabica,"exportadora atlantic, s.a.",Nicaragua,finca las marías,017-053-0211 / 017-053-0212,beneficio atlantic condega,017-053-0211 / 017-053-0212,exportadora atlantic s.a,1100,jalapa,Teófilo Narváez :,550,69 kg,Instituto Hondureño del Café,2017,"June 20th, 2017","Exportadora Atlantic, S.A.",Caturra,Other,7.5,7.42,7.33,7.33,7.25,7.33,10.0,10.0,10.0,7.33,81.5,0.11,0,0.0,Green,3,"June 20th, 2018",Instituto Hondureño del Café,b4660a57e9f8cc613ae5b8f02bfce8634c763ab4,7f521ca403540f81ec99daec7da19c2788393880,m,1100.0,1100.0,1100.0
106,913,Arabica,elsy reyes,Honduras,las cuchillas,98,cigrah,13-111-083,cigrah,1400,comayagua,NAHUN MALDONADO,275,69 kg,Instituto Hondureño del Café,2017,"June 3rd, 2017",Elsy Reyes,Caturra,Washed / Wet,7.5,7.5,7.33,7.42,7.17,7.25,10.0,10.0,10.0,7.33,81.5,0.1,0,0.0,Green,5,"June 3rd, 2018",Instituto Hondureño del Café,b4660a57e9f8cc613ae5b8f02bfce8634c763ab4,7f521ca403540f81ec99daec7da19c2788393880,m,1400.0,1400.0,1400.0
107,936,Arabica,juan luis alvarado romero,Guatemala,nueva granada,11/326/14,beneficio nueva granada,11/326/14,"agricola nueva granada, s.a.",4500,san marcos,"AGRICOLA NUEVA GRANADA, S.A.",450,69 kg,Asociacion Nacional Del Café,2016,"March 17th, 2016",Juan Luis Alvarado Romero,Catuai,Washed / Wet,7.42,7.33,7.08,7.58,7.33,7.25,10.0,10.0,10.0,7.42,81.42,0.1,0,0.0,Green,0,"March 17th, 2017",Asociacion Nacional Del Café,b1f20fe3a819fd6b2ee0eb8fdc3da256604f1e53,724f04ad10ed31dbb9d260f0dfd221ba48be8a95,ft,1371.6,1371.6,1371.6
108,952,Arabica,bismarck castro,Honduras,las cuchillas,149,dry mill,13-111-084,cigrah s.a de c.v,1500,comayagua,Nahun Maldonado,275,69 kg,Instituto Hondureño del Café,2016 / 2017,"June 9th, 2016",Bismarck Castro,Caturra,Washed / Wet,7.5,7.5,7.0,7.17,7.5,7.33,10.0,10.0,10.0,7.33,81.33,0.11,0,2.0,Bluish-Green,3,"June 9th, 2017",Instituto Hondureño del Café,b4660a57e9f8cc613ae5b8f02bfce8634c763ab4,7f521ca403540f81ec99daec7da19c2788393880,m,1500.0,1500.0,1500.0
109,963,Arabica,"lin, che-hao krude 林哲豪",Taiwan,jing jing café 晶晶坊青山咖啡教室,2016NA Lot001,jing jing café 晶晶坊青山咖啡教室,Taiwan,taiwan coffee laboratory,680,"dongshan dist., tainan city 台南市東山區",Hu Guei Jing 胡桂青,20,50 kg,Specialty Coffee Association,2015,"May 18th, 2016","Lin, Che-Hao Krude 林哲豪",Typica,Natural / Dry,7.83,7.75,7.67,7.83,7.83,7.75,9.33,10.0,10.0,5.25,81.25,0.12,0,0.0,Green,0,"May 18th, 2017",Specialty Coffee Association,36d0d00a3724338ba7937c52a378d085f2172daa,0878a7d4b9d35ddbf0fe2ce69a2062cceb45a660,m,680.0,680.0,680.0
110,1000,Arabica,consejo salvadoreño del café,El Salvador,santa josefita,1-198,beneficio cuzcachapa,09-030-273,soc. coop. cuzcachapa de r.l.,1450,apaneca,"Balcanes Coffee Estates, S.A. de C.V.",100,69 kg,Salvadoran Coffee Council,2017,"August 28th, 2017",Consejo Salvadoreño del Café,Bourbon,Washed / Wet,7.42,7.08,7.08,7.33,7.25,7.58,10.0,10.0,10.0,7.25,81.0,0.0,0,2.0,Green,6,"August 28th, 2018",Salvadoran Coffee Council,3d4987e3b91399dbb3938b5bdf53893b6ef45be1,27b21e368fb8291cbea02c60623fe6c98f84524d,m,1450.0,1450.0,1450.0
111,1002,Arabica,juan luis alvarado romero,Guatemala,chapultepec,11/23/0506,beneficio ixchel,11/23/0506,"unex guatemala, s.a.",3280,norte,CHAPULTEPEC,120,69 kg,Asociacion Nacional Del Café,2016,"August 2nd, 2016",Juan Luis Alvarado Romero,Bourbon,Washed / Wet,7.42,7.25,7.17,7.5,7.25,7.17,10.0,10.0,10.0,7.25,81.0,0.09,0,0.0,Green,8,"August 2nd, 2017",Asociacion Nacional Del Café,b1f20fe3a819fd6b2ee0eb8fdc3da256604f1e53,724f04ad10ed31dbb9d260f0dfd221ba48be8a95,m,3280.0,3280.0,3280.0
112,1015,Arabica,juan luis alvarado romero,Guatemala,la esperanza,11/23/0689,beneficio ixchel,11/23/0689,"unex guatemala, s.a.",1901,oriente,"AGRICOLA EL PILAR, S.A.",25,69 kg,Asociacion Nacional Del Café,2017,"August 23rd, 2017",Juan Luis Alvarado Romero,Bourbon,Washed / Wet,7.67,7.67,7.33,7.58,7.67,7.5,9.33,9.33,9.33,7.5,80.92,0.1,0,0.0,Green,2,"August 23rd, 2018",Asociacion Nacional Del Café,b1f20fe3a819fd6b2ee0eb8fdc3da256604f1e53,724f04ad10ed31dbb9d260f0dfd221ba48be8a95,m,1901.0,1901.0,1901.0
113,1070,Arabica,juan luis alvarado romero,Guatemala,el guayabo,11/15/0293,el guayabo,11/15/0293,"peter schoelfeld, s.a",1500,santa rosa,EDWIN MUÑOZ,275,69 kg,Asociacion Nacional Del Café,2017,"September 8th, 2017",Juan Luis Alvarado Romero,Caturra,Washed / Wet,7.33,7.25,7.08,7.17,7.25,7.17,10.0,10.0,10.0,7.25,80.5,0.1,0,0.0,Green,4,"September 8th, 2018",Asociacion Nacional Del Café,b1f20fe3a819fd6b2ee0eb8fdc3da256604f1e53,724f04ad10ed31dbb9d260f0dfd221ba48be8a95,m,1500.0,1500.0,1500.0
114,1071,Arabica,janny marlith torres,Honduras,la bendicion,331,en cortado beneficiado y secado por el productor,13-154-234,coffee planet corporation s.a,1650,ocotepeque,Jorge Alfredo Pinto,15,69 kg,Instituto Hondureño del Café,2017,"August 23rd, 2017",Janny Marlith Torres,Catuai,Washed / Wet,7.58,7.33,7.0,7.17,7.33,7.08,10.0,10.0,10.0,7.0,80.5,0.11,0,0.0,Green,5,"August 23rd, 2018",Instituto Hondureño del Café,b4660a57e9f8cc613ae5b8f02bfce8634c763ab4,7f521ca403540f81ec99daec7da19c2788393880,m,1650.0,1650.0,1650.0
115,1095,Arabica,volcafe ltda. - brasil,Brazil,são rafael_ ra/ras certified,2017-003,copag - varginha - mg,002/143-0/0058,volcafe ltda.,995,cerrado - monte carmelo - minas gerais,Luiz Augusto Pereira Moguilod,440,59 kg,Brazil Specialty Coffee Association,2017 / 2018,"November 3rd, 2017",Volcafe Ltda. - Brasil,Catuai,Natural / Dry,7.17,7.33,7.42,7.08,7.0,7.0,10.0,10.0,10.0,7.25,80.25,0.11,0,1.0,Green,1,"November 3rd, 2018",Brazil Specialty Coffee Association,3297cfa4c538e3dd03f72cc4082c54f7999e1f9d,8900f0bf1d0b2bafe6807a73562c7677d57eb980,m,995.0,995.0,995.0
116,1096,Arabica,bismarck castro,Honduras,las moras,102,cigrah s.a de c.v.,13-111-053,cigrah s.a de c.v,1400,comayagua,Yamilet Lope,275,69 kg,Instituto Hondureño del Café,2016,"April 6th, 2017",Bismarck Castro,Caturra,Natural / Dry,7.25,7.25,7.0,7.0,7.42,7.0,10.0,10.0,10.0,7.33,80.25,0.1,0,0.0,Green,4,"April 6th, 2018",Instituto Hondureño del Café,b4660a57e9f8cc613ae5b8f02bfce8634c763ab4,7f521ca403540f81ec99daec7da19c2788393880,m,1400.0,1400.0,1400.0
117,1123,Arabica,"comercial internacional exportadora, s.a.",Nicaragua,santa matilde,605135 / K1730103,beneficio san carlos,017/001/1638,"comercial internacional exportadora, s.a.",1250,jinotega,RONALDO LACAYO CARDENAL,275,69 kg,Instituto Hondureño del Café,2017,"June 13th, 2017","COMERCIAL INTERNACIONAL EXPORTADORA, S.A.",Caturra,Washed / Wet,7.33,7.08,6.92,7.08,7.42,7.17,10.0,10.0,10.0,7.0,80.0,0.1,0,0.0,Green,5,"June 13th, 2018",Instituto Hondureño del Café,b4660a57e9f8cc613ae5b8f02bfce8634c763ab4,7f521ca403540f81ec99daec7da19c2788393880,m,1250.0,1250.0,1250.0
118,1141,Arabica,juan luis alvarado romero,Guatemala,piamonte,11/23/0639,beneficio ixchel,11/23/0639,"unex guatemala, s.a.",1700,san marcos,JORGE LEAL,50,69 kg,Asociacion Nacional Del Café,2017,"August 22nd, 2017",Juan Luis Alvarado Romero,Bourbon,Washed / Wet,7.33,7.25,6.92,7.33,7.25,7.33,9.33,10.0,10.0,7.08,79.83,0.1,0,0.0,Green,2,"August 22nd, 2018",Asociacion Nacional Del Café,b1f20fe3a819fd6b2ee0eb8fdc3da256604f1e53,724f04ad10ed31dbb9d260f0dfd221ba48be8a95,m,1700.0,1700.0,1700.0
119,1145,Arabica,juan luis alvarado romero,Guatemala,la esperanza,11/23/0507,beneficio ixchel,11/23/0507,"unex guatemala, s.a.",1901.64,oriente,"AGRICOLA EL PILAR, S.A.",25,69 kg,Asociacion Nacional Del Café,2016,"June 22nd, 2017",Juan Luis Alvarado Romero,Bourbon,Washed / Wet,7.5,7.42,7.25,7.58,7.33,7.42,9.33,9.33,9.33,7.25,79.75,0.1,0,4.0,Green,1,"June 22nd, 2018",Asociacion Nacional Del Café,b1f20fe3a819fd6b2ee0eb8fdc3da256604f1e53,724f04ad10ed31dbb9d260f0dfd221ba48be8a95,m,190164.0,190164.0,190164.0
120,1158,Arabica,juan luis alvarado romero,Guatemala,la esmeralda,11/23/0508,beneficio ixchel,11/23/0508,"unex guatemala, s.a.",4000,oriente,JESUS RAMIREZ,25,69 kg,Asociacion Nacional Del Café,2016,"June 22nd, 2017",Juan Luis Alvarado Romero,Bourbon,Washed / Wet,7.42,7.42,7.25,7.58,7.42,7.33,9.33,9.33,9.33,7.25,79.67,0.1,0,2.0,Green,1,"June 22nd, 2018",Asociacion Nacional Del Café,b1f20fe3a819fd6b2ee0eb8fdc3da256604f1e53,724f04ad10ed31dbb9d260f0dfd221ba48be8a95,ft,1219.2,1219.2,1219.2
121,1159,Arabica,consejo salvadoreño del café,El Salvador,la montaña,1,sociedad cooperativa de cafetaleros de ciudad barrios de r.l.,9,consejo salvadoreño del café,1250,cacahuatique,Sociedad Cooperativa de Cafetaleros de Ciudad Barrios de R.L.,275,69 kg,Salvadoran Coffee Council,2016,"March 23rd, 2017",Consejo Salvadoreño del Café,Bourbon,Washed / Wet,7.25,7.08,7.0,6.83,7.33,7.17,10.0,10.0,10.0,7.0,79.67,0.0,0,0.0,Bluish-Green,12,"March 23rd, 2018",Salvadoran Coffee Council,3d4987e3b91399dbb3938b5bdf53893b6ef45be1,27b21e368fb8291cbea02c60623fe6c98f84524d,m,1250.0,1250.0,1250.0
122,1185,Arabica,juan luis alvarado romero,Guatemala,las delicias,11/23/0632,beneficio ixchel,11/23/0632,"unex guatemala, s.a.",4000,santa rosa,OTTO BECKER,50,69 kg,Asociacion Nacional Del Café,2017,"August 22nd, 2017",Juan Luis Alvarado Romero,Bourbon,Washed / Wet,7.33,7.42,7.33,7.42,7.5,7.42,8.67,9.33,9.33,7.42,79.17,0.1,0,0.0,Green,0,"August 22nd, 2018",Asociacion Nacional Del Café,b1f20fe3a819fd6b2ee0eb8fdc3da256604f1e53,724f04ad10ed31dbb9d260f0dfd221ba48be8a95,ft,1219.2,1219.2,1219.2
123,1186,Arabica,janny marlith torres,Honduras,la bendicion,Lot # 331,dry in solar beds,13-154-234,coffee planet corporation s.a,1650,ocotepeque,Jorge Alfredo Pinto,15,69 kg,Instituto Hondureño del Café,2017,"July 27th, 2017",Janny Marlith Torres,Catuai,Washed / Wet,7.58,7.0,6.75,6.92,7.0,6.92,10.0,10.0,10.0,7.0,79.17,0.11,0,0.0,Green,5,"July 27th, 2018",Instituto Hondureño del Café,b4660a57e9f8cc613ae5b8f02bfce8634c763ab4,7f521ca403540f81ec99daec7da19c2788393880,m,1650.0,1650.0,1650.0
124,1187,Arabica,juan luis alvarado romero,Guatemala,chapultepec,11/23/0168,beneficio ixchel,11/23/0168,"unex guatemala, s.a.",1320,occidente,CHAPULTEPEC,250,69 kg,Asociacion Nacional Del Café,2016,"May 23rd, 2016",Juan Luis Alvarado Romero,Bourbon,Washed / Wet,7.08,7.0,6.92,7.42,7.0,6.92,10.0,10.0,10.0,6.83,79.17,0.11,0,8.0,Green,6,"May 23rd, 2017",Asociacion Nacional Del Café,b1f20fe3a819fd6b2ee0eb8fdc3da256604f1e53,724f04ad10ed31dbb9d260f0dfd221ba48be8a95,m,1320.0,1320.0,1320.0
125,1193,Arabica,juan luis alvarado romero,Guatemala,las merceditas,11/23/0693,beneficio ixchel,11/23/0693,"unex guatemala, s.a.",1700,san marcos,ANGEL DE LEON,50,69 kg,Asociacion Nacional Del Café,2017,"August 23rd, 2017",Juan Luis Alvarado Romero,Bourbon,Washed / Wet,7.58,7.67,7.42,7.42,7.67,7.67,8.67,8.67,8.67,7.67,79.08,0.1,0,0.0,Green,1,"August 23rd, 2018",Asociacion Nacional Del Café,b1f20fe3a819fd6b2ee0eb8fdc3da256604f1e53,724f04ad10ed31dbb9d260f0dfd221ba48be8a95,m,1700.0,1700.0,1700.0
126,1207,Arabica,"exportadora atlantic, s.a.",Nicaragua,finca las marías,017-053-0211/053-0212,beneficio atlantic condega,017-053-0211/053-0212,exportadora atlantic s.a,1100,jalapa,Teófilo Narváez,1,1 kg,Instituto Hondureño del Café,2016,"May 22nd, 2017","Exportadora Atlantic, S.A.",Caturra,Other,7.17,7.0,6.92,7.0,7.0,7.0,10.0,10.0,10.0,6.75,78.83,0.1,0,2.0,Green,4,"May 22nd, 2018",Instituto Hondureño del Café,b4660a57e9f8cc613ae5b8f02bfce8634c763ab4,7f521ca403540f81ec99daec7da19c2788393880,m,1100.0,1100.0,1100.0
127,1236,Arabica,"lin, che-hao krude 林哲豪",Taiwan,大鋤花間 (hoe vs. flower coffee farm),2017台南市精品咖啡評鑑批次 Specialty Coffee Evaluation of Tainan 2017 lot.20161230,大鋤花間 (hoe vs. flower coffee farm),Taiwan,taiwan coffee laboratory,650,"台南市東山區( dongshan dist., tainan city)","林俊吉( Lin, Chun-Chi)",8,10 kg,Specialty Coffee Association,2016,"June 6th, 2017","Lin, Che-Hao Krude 林哲豪",Yellow Bourbon,Washed / Wet,7.5,7.08,7.33,7.17,7.5,7.5,6.67,10.0,10.0,7.25,78.0,0.0,3,0.0,Green,4,"June 6th, 2018",Specialty Coffee Association,36d0d00a3724338ba7937c52a378d085f2172daa,0878a7d4b9d35ddbf0fe2ce69a2062cceb45a660,m,650.0,650.0,650.0
128,1254,Arabica,ipanema coffees,Brazil,fazenda capoeirnha,020/17,dry mill,002/1660/0080,ipanema coffees,890,south of minas,Ipanema Agricola S.A,320,60 kg,Brazil Specialty Coffee Association,2017 / 2018,"October 20th, 2017",Ipanema Coffees,Bourbon,Natural / Dry,7.5,7.33,7.42,7.58,7.58,6.92,8.0,8.0,10.0,7.0,77.33,0.0,0,0.0,Green,3,"October 20th, 2018",Brazil Specialty Coffee Association,3297cfa4c538e3dd03f72cc4082c54f7999e1f9d,8900f0bf1d0b2bafe6807a73562c7677d57eb980,m,890.0,890.0,890.0
129,1309,Arabica,"exportadora atlantic, s.a.",Nicaragua,finca las marías,017-053-0211/ 017-053-0212,beneficio atlantic condega,017-053-0211/ 017-053-0212,exportadora atlantic s.a,1100,jalapa,Teófilo Narváez,550,69 kg,Instituto Hondureño del Café,2016,"June 6th, 2017","Exportadora Atlantic, S.A.",Caturra,Other,7.25,6.58,6.33,6.25,6.42,6.08,6.0,6.0,6.0,6.17,63.08,0.13,1,0.0,Green,5,"June 6th, 2018",Instituto Hondureño del Café,b4660a57e9f8cc613ae5b8f02bfce8634c763ab4,7f521ca403540f81ec99daec7da19c2788393880,m,1100.0,1100.0,1100.0
